-- MariaDB dump 10.19  Distrib 10.5.15-MariaDB, for debian-linux-gnu (x86_64)
--
-- Host: localhost    Database: s25671
-- ------------------------------------------------------
-- Server version	10.5.15-MariaDB-0+deb11u1

/*!40101 SET @OLD_CHARACTER_SET_CLIENT=@@CHARACTER_SET_CLIENT */;
/*!40101 SET @OLD_CHARACTER_SET_RESULTS=@@CHARACTER_SET_RESULTS */;
/*!40101 SET @OLD_COLLATION_CONNECTION=@@COLLATION_CONNECTION */;
/*!40101 SET NAMES utf8mb4 */;
/*!40103 SET @OLD_TIME_ZONE=@@TIME_ZONE */;
/*!40103 SET TIME_ZONE='+00:00' */;
/*!40014 SET @OLD_UNIQUE_CHECKS=@@UNIQUE_CHECKS, UNIQUE_CHECKS=0 */;
/*!40014 SET @OLD_FOREIGN_KEY_CHECKS=@@FOREIGN_KEY_CHECKS, FOREIGN_KEY_CHECKS=0 */;
/*!40101 SET @OLD_SQL_MODE=@@SQL_MODE, SQL_MODE='NO_AUTO_VALUE_ON_ZERO' */;
/*!40111 SET @OLD_SQL_NOTES=@@SQL_NOTES, SQL_NOTES=0 */;

--
-- Table structure for table `ADRESAT`
--

DROP TABLE IF EXISTS `ADRESAT`;
/*!40101 SET @saved_cs_client     = @@character_set_client */;
/*!40101 SET character_set_client = utf8 */;
CREATE TABLE `ADRESAT` (
  `ID` int(11) NOT NULL AUTO_INCREMENT,
  `IMIE` varchar(45) DEFAULT NULL,
  `NAZWISKO` varchar(45) DEFAULT NULL,
  `NR_TELEFONU` varchar(15) DEFAULT NULL,
  `ADRES` varchar(45) DEFAULT NULL,
  `WOJEWODZTWO` varchar(45) DEFAULT NULL,
  PRIMARY KEY (`ID`)
) ENGINE=InnoDB AUTO_INCREMENT=22 DEFAULT CHARSET=utf8mb4;
/*!40101 SET character_set_client = @saved_cs_client */;

--
-- Dumping data for table `ADRESAT`
--

LOCK TABLES `ADRESAT` WRITE;
/*!40000 ALTER TABLE `ADRESAT` DISABLE KEYS */;
INSERT INTO `ADRESAT` VALUES (1,'JERZY','BRALCZYK','211111111','SIENKIEWICZA 29 CIECHANÓW','MAZOWIECKIE'),(2,'TOMASZ','MAJEWSKI','211111112','WITOSA 5 CIECHANÓW','MAZOWIECKIE'),(3,'JULIAN','TUWIN','211111113','BRZECHWY 13 TCZEW','POMORSKIE'),(4,'JAN','BRZECHWA','211111114','TUWIMA 2 TCZEW','POMORSKIE'),(5,'ABELARD','EINSTEIN','211111115','KUBUSIA PUCHATKA 10 TCZEW','POMORSKIE'),(6,'ADAM','NAWAŁKA','211111116','STASZICA 4 KOŚCIERZYNA','POMORSKIE'),(7,'CZESŁAW','MICHNIEWICZ','211111117','RYNEK 3 KARTUZY','POMORSKIE'),(8,'KATARZYNA','CICHOPEK','211111118','SIENKIEWICZA 14 NOWY DWÓR GDAŃSKI','POMORSKIE'),(9,'EMILY','RATAJKOWSKI','211111119','OGÓLNA 34 ELBLĄG','WARMIŃSKO-MAZURSKIE'),(10,'ROKSANA','KWIATKOWSKA','211111120','ROBOTNICZA 54 ELBLĄG','WARMIŃSKO-MAZURSKIE'),(11,'JÓZEF','PIŁSUDSKI','211111121','3 MAJA 5 BRANIEWO','WARMIŃSKO-MAZURSKIE'),(12,'ADAM','MICKIEWICZ','211111122','KRUPÓWKI 44 ZAKOPANE','MAŁOPOLSKIE'),(13,'PIOTR','ŻYŁA','211111123','KRUPÓWKI 2 ZAKOPANE','MAŁOPOLSKIE'),(14,'MARIA','SKŁODOWSKA-CURIE','211111124','WAŁOWA 12 WEJHEROWO','POMORSKIE'),(15,'WISŁAWA','SZYMBORSKA','211111125','RYBACKA 1 WŁADYSŁAWOWO','POMORSKIE'),(16,'KATARZYNA','FIGURA','211111126','BALEWSKIEGO 6 STAROGARD GDAŃSKI','POMORSKIE'),(17,'WOJCIECH','SZCZĘSNY','211111127','1000-LECIA 100 CZERSK','POMORSKIE'),(18,'DANUTA','STENKA','211111128','ZACISZE 4 CZŁUCHÓW','POMORSKIE'),(19,'ANDRZEJ','ZAUCHA','211111129','JANA PAWŁA II 36 RUMIA','POMORSKIE'),(21,'DAWID','GOLIAT','123456789','TARG RYBNY 1 GDAŃSK','POMORSKIE');
/*!40000 ALTER TABLE `ADRESAT` ENABLE KEYS */;
UNLOCK TABLES;

--
-- Table structure for table `DOSTAWA`
--

DROP TABLE IF EXISTS `DOSTAWA`;
/*!40101 SET @saved_cs_client     = @@character_set_client */;
/*!40101 SET character_set_client = utf8 */;
CREATE TABLE `DOSTAWA` (
  `ID` int(11) NOT NULL AUTO_INCREMENT,
  `DATA_IN` date DEFAULT NULL,
  `DATA_OUT` date DEFAULT NULL,
  `CENA` decimal(4,2) DEFAULT NULL,
  PRIMARY KEY (`ID`)
) ENGINE=InnoDB AUTO_INCREMENT=16 DEFAULT CHARSET=utf8mb4;
/*!40101 SET character_set_client = @saved_cs_client */;

--
-- Dumping data for table `DOSTAWA`
--

LOCK TABLES `DOSTAWA` WRITE;
/*!40000 ALTER TABLE `DOSTAWA` DISABLE KEYS */;
INSERT INTO `DOSTAWA` VALUES (1,'2022-12-14','2022-12-20',20.00),(2,'2022-12-15','2022-12-20',22.00),(3,'2022-12-01','2022-12-18',18.00),(4,'2022-12-04','2022-12-15',30.00),(5,'2022-12-06','2022-12-17',25.00),(6,'2022-12-16','2022-12-20',25.00),(7,'2022-12-19','2022-12-23',25.00),(8,'2022-12-11','2022-12-22',20.00),(9,'2022-12-01','2022-12-05',10.00),(10,'2022-12-03','2022-12-10',15.00),(11,'2022-12-16','2022-12-22',25.00),(12,'2022-12-04','2022-12-17',30.00),(13,'2022-12-15','2022-12-22',24.00),(14,'2022-12-01','2022-12-09',15.00),(15,'2022-12-02','2022-12-13',15.00);
/*!40000 ALTER TABLE `DOSTAWA` ENABLE KEYS */;
UNLOCK TABLES;

--
-- Table structure for table `D_S`
--

DROP TABLE IF EXISTS `D_S`;
/*!40101 SET @saved_cs_client     = @@character_set_client */;
/*!40101 SET character_set_client = utf8 */;
CREATE TABLE `D_S` (
  `ID` int(11) NOT NULL AUTO_INCREMENT,
  `LICZBA_SORTOWNI` tinyint(4) DEFAULT NULL,
  `DOSTAWA_ID` int(11) DEFAULT NULL,
  `SORTOWNIA_ID` int(11) DEFAULT NULL,
  PRIMARY KEY (`ID`),
  KEY `DOSTAWA_ID` (`DOSTAWA_ID`),
  KEY `SORTOWIA_ID` (`SORTOWNIA_ID`),
  CONSTRAINT `DOSTAWA_ID` FOREIGN KEY (`ID`) REFERENCES `DOSTAWA` (`ID`),
  CONSTRAINT `D_S_ibfk_1` FOREIGN KEY (`DOSTAWA_ID`) REFERENCES `DOSTAWA` (`ID`),
  CONSTRAINT `D_S_ibfk_2` FOREIGN KEY (`SORTOWNIA_ID`) REFERENCES `SORTOWNIA` (`ID`)
) ENGINE=InnoDB AUTO_INCREMENT=16 DEFAULT CHARSET=utf8mb4;
/*!40101 SET character_set_client = @saved_cs_client */;

--
-- Dumping data for table `D_S`
--

LOCK TABLES `D_S` WRITE;
/*!40000 ALTER TABLE `D_S` DISABLE KEYS */;
INSERT INTO `D_S` VALUES (1,1,1,1),(2,1,2,1),(3,1,3,2),(4,1,4,2),(5,1,5,3),(6,1,6,3),(7,1,7,4),(8,1,8,4),(9,1,9,5),(10,1,10,5),(11,1,11,6),(12,1,12,6),(13,1,13,7),(14,1,14,7),(15,1,15,8);
/*!40000 ALTER TABLE `D_S` ENABLE KEYS */;
UNLOCK TABLES;

--
-- Table structure for table `KURIER`
--

DROP TABLE IF EXISTS `KURIER`;
/*!40101 SET @saved_cs_client     = @@character_set_client */;
/*!40101 SET character_set_client = utf8 */;
CREATE TABLE `KURIER` (
  `ID` int(11) NOT NULL AUTO_INCREMENT,
  `IMIE` varchar(45) DEFAULT NULL,
  `NAZWISKO` varchar(45) DEFAULT NULL,
  `NR_TELEFONU` varchar(15) DEFAULT NULL,
  `NR_REJESTRACJI` varchar(8) DEFAULT NULL,
  `MARKA_SAMOCHODU` varchar(25) DEFAULT NULL,
  `WARIANT_PRACY` varchar(8) DEFAULT NULL,
  PRIMARY KEY (`ID`)
) ENGINE=InnoDB AUTO_INCREMENT=9 DEFAULT CHARSET=utf8mb4;
/*!40101 SET character_set_client = @saved_cs_client */;

--
-- Dumping data for table `KURIER`
--

LOCK TABLES `KURIER` WRITE;
/*!40000 ALTER TABLE `KURIER` DISABLE KEYS */;
INSERT INTO `KURIER` VALUES (1,'MICHAL','KROKOSZYNSKI','333333333','SB841AL','VOLKSWAGEN','DOSTAWA'),(2,'MICHAL','FLISIKOWSKI','333333334','GST45671','OPEL','ODBIOR'),(3,'DAWID','NOWAKOWSKI','333333335','WCI12345','MERCEDES','DOSTAWA'),(4,'JAN','KOWALSKI','333333336','EL12345','FORD','DOSTAWA'),(5,'ADAM','NYGA','333333337','NO12345','CITROEN','ODBIOR'),(6,'BARTOSZ','WIACEK','333333338','SMI12345','RENAULT','ODBIOR'),(7,'LECH','LIS','333333339','ZS12345','FIAT','DOSTAWA'),(8,'ADAM','KRUK','333333330','FG12345','PEUGEOT','DOSTAWA');
/*!40000 ALTER TABLE `KURIER` ENABLE KEYS */;
UNLOCK TABLES;

--
-- Table structure for table `NADAWCA`
--

DROP TABLE IF EXISTS `NADAWCA`;
/*!40101 SET @saved_cs_client     = @@character_set_client */;
/*!40101 SET character_set_client = utf8 */;
CREATE TABLE `NADAWCA` (
  `ID` int(11) NOT NULL AUTO_INCREMENT,
  `IMIE` varchar(45) DEFAULT NULL,
  `NAZWISKO` varchar(45) DEFAULT NULL,
  `NR_TELEFONU` varchar(15) DEFAULT NULL,
  `ADRES` varchar(45) DEFAULT NULL,
  `WOJEWODZTWO` varchar(45) DEFAULT NULL,
  PRIMARY KEY (`ID`)
) ENGINE=InnoDB AUTO_INCREMENT=21 DEFAULT CHARSET=utf8mb4;
/*!40101 SET character_set_client = @saved_cs_client */;

--
-- Dumping data for table `NADAWCA`
--

LOCK TABLES `NADAWCA` WRITE;
/*!40000 ALTER TABLE `NADAWCA` DISABLE KEYS */;
INSERT INTO `NADAWCA` VALUES (1,'ARNOLD','SCHWARZENEGGER','111111111','ZWYCIĘSTWA 1 GDAŃSK','POMORSKIE'),(2,'SYLVESTER','STALLONE','111111112','BOKSERSKA 4 GDAŃSK','POMORSKIE'),(3,'MARIUSZ','PUDZIANOWSKI','111111113','CIĘŻAROWA 4 SKOCZÓW','ŚLĄSKIE'),(4,'MARCIN','NAJMAN','111111114','3 MAJA 3 SOSNOWIEC','ŚLĄSKIE'),(5,'LEONARDO','DI CAPRIO','111111115','MARSZAŁKOWSKA 55 WARSZAWA','MAZOWIECKIE'),(6,'MARCIN','GORTAT','111111116','DŁUGA 22 PŁOCK','MAZOWIECKIE'),(7,'BOGUSŁAW','LINDA','111111117','STRAŻACKA 62 SZCZECIN','ZACHODNIO-POMORSKIE'),(8,'PIOTR','FRONCZEWSKI','111111118','CHROBREGO 3 DRAWSKO POMORSKIE','ZACHODNIO-POMORSKIE'),(9,'MIKOŁAJ','KOPERNIK','111111119','WOJSKA POLSKIEGO 12 TORUŃ','KUJAWSKO-POMORSKIE'),(10,'PIOTR','ZIELIŃSKI','111111120','LINKI 33 OLSZTYN','WARMIŃSKO-MAZURSKIE'),(11,'ZENON','MARTYNIUK','111111121','OLSZTYŃSKA 3 MRĄGOWO','WARMIŃSKO-MAZURSKIE'),(12,'KRZYSZTOF','KONONOWICZ','111111122','SZKOLNA 18 BIAŁYSTOK','PODLASKIE'),(13,'JAN','MATEJKO','111111123','BROWARNICZA 10 ŁOMŻA','PODLASKIE'),(14,'CEZARY','PAZURA','111111124','GÓRSKIEGO 10 GDYNIA','POMORSKIE'),(15,'ROBERT','LEWANDOWSKI','111111125','DERDOWSKIEGO 43 GDYNIA','POMORSKIE'),(16,'ROBERT','MAKŁOWICZ','111111126','NIEPODLEGŁOŚCI 800 SOPOT','POMORSKIE'),(17,'IGA','ŚWIĄTEK','111111127','GRUNWALDZKA 7 SOPOT','POMORSKIE'),(18,'KRZYSZTOF','PIĄTEK','111111128','ŻEROMSKIEGO 33 KOSAKOWO','POMORSKIE'),(19,'WOJCIECH','SOKÓŁ','111111129','LEŚNA 2 CHOJNICE','POMORSKIE'),(20,'JAKUB','GRABOWSKI','111111130','PŁOŃSKA 8 CIECHANÓW','MAZOWIECKIE');
/*!40000 ALTER TABLE `NADAWCA` ENABLE KEYS */;
UNLOCK TABLES;
/*!50003 SET @saved_cs_client      = @@character_set_client */ ;
/*!50003 SET @saved_cs_results     = @@character_set_results */ ;
/*!50003 SET @saved_col_connection = @@collation_connection */ ;
/*!50003 SET character_set_client  = utf8 */ ;
/*!50003 SET character_set_results = utf8 */ ;
/*!50003 SET collation_connection  = utf8_general_ci */ ;
/*!50003 SET @saved_sql_mode       = @@sql_mode */ ;
/*!50003 SET sql_mode              = 'STRICT_TRANS_TABLES,ERROR_FOR_DIVISION_BY_ZERO,NO_AUTO_CREATE_USER,NO_ENGINE_SUBSTITUTION' */ ;
DELIMITER ;;
/*!50003 CREATE*/ /*!50017 DEFINER=`s25671`@`localhost`*/ /*!50003 TRIGGER NADAWCA_UPD AFTER UPDATE ON NADAWCA
FOR EACH ROW BEGIN
INSERT INTO log values (now(),concat('ZMIENIONO WIERSZ W TABELI NADAWCA IMIE Z:',OLD.IMIE,' NA :', NEW.IMIE));
END */;;
DELIMITER ;
/*!50003 SET sql_mode              = @saved_sql_mode */ ;
/*!50003 SET character_set_client  = @saved_cs_client */ ;
/*!50003 SET character_set_results = @saved_cs_results */ ;
/*!50003 SET collation_connection  = @saved_col_connection */ ;

--
-- Table structure for table `PRZESYLKA`
--

DROP TABLE IF EXISTS `PRZESYLKA`;
/*!40101 SET @saved_cs_client     = @@character_set_client */;
/*!40101 SET character_set_client = utf8 */;
CREATE TABLE `PRZESYLKA` (
  `ID` int(11) NOT NULL AUTO_INCREMENT,
  `WAGA` double(4,2) DEFAULT NULL,
  `WYMIAR_X` double(3,2) DEFAULT NULL,
  `WYMIAR_Y` double(3,2) DEFAULT NULL,
  `WYMIAR_Z` double(3,2) DEFAULT NULL,
  `NADAWCA_ID` int(11) DEFAULT NULL,
  `ADRESAT_ID` int(11) DEFAULT NULL,
  `DOSTAWA_ID` int(11) DEFAULT NULL,
  PRIMARY KEY (`ID`),
  KEY `NADAWCA_ID` (`NADAWCA_ID`),
  KEY `ADRESAT_ID` (`ADRESAT_ID`),
  KEY `DOSTAWA_ID` (`DOSTAWA_ID`),
  CONSTRAINT `PRZESYLKA_ibfk_1` FOREIGN KEY (`NADAWCA_ID`) REFERENCES `NADAWCA` (`ID`),
  CONSTRAINT `PRZESYLKA_ibfk_2` FOREIGN KEY (`ADRESAT_ID`) REFERENCES `ADRESAT` (`ID`),
  CONSTRAINT `PRZESYLKA_ibfk_3` FOREIGN KEY (`DOSTAWA_ID`) REFERENCES `DOSTAWA` (`ID`)
) ENGINE=InnoDB AUTO_INCREMENT=16 DEFAULT CHARSET=utf8mb4;
/*!40101 SET character_set_client = @saved_cs_client */;

--
-- Dumping data for table `PRZESYLKA`
--

LOCK TABLES `PRZESYLKA` WRITE;
/*!40000 ALTER TABLE `PRZESYLKA` DISABLE KEYS */;
INSERT INTO `PRZESYLKA` VALUES (2,20.50,1.00,2.00,3.00,1,1,1),(3,20.00,5.00,2.00,3.00,3,3,2),(4,10.00,5.00,5.00,4.00,5,4,3),(5,10.00,5.00,5.00,5.00,8,2,4),(6,12.00,5.00,5.00,6.00,5,5,5),(7,6.00,6.00,6.00,6.00,6,6,6),(8,7.00,7.00,7.00,7.00,7,7,7),(9,8.00,8.00,8.00,8.00,8,8,8),(10,9.00,9.00,9.00,9.00,9,9,9),(11,10.00,3.00,2.00,1.00,10,10,10),(12,10.00,3.00,3.00,2.00,11,11,11),(13,15.00,4.00,3.00,4.00,12,13,12),(14,2.00,5.00,5.00,5.00,14,13,14),(15,0.50,7.00,7.00,7.00,15,15,15);
/*!40000 ALTER TABLE `PRZESYLKA` ENABLE KEYS */;
UNLOCK TABLES;

--
-- Table structure for table `SORTOWNIA`
--

DROP TABLE IF EXISTS `SORTOWNIA`;
/*!40101 SET @saved_cs_client     = @@character_set_client */;
/*!40101 SET character_set_client = utf8 */;
CREATE TABLE `SORTOWNIA` (
  `ID` int(11) NOT NULL AUTO_INCREMENT,
  `NAZWA` varchar(45) DEFAULT NULL,
  `ADRES` varchar(45) DEFAULT NULL,
  `WOJEWODZTWO` varchar(45) DEFAULT NULL,
  PRIMARY KEY (`ID`)
) ENGINE=InnoDB AUTO_INCREMENT=23 DEFAULT CHARSET=utf8mb4;
/*!40101 SET character_set_client = @saved_cs_client */;

--
-- Dumping data for table `SORTOWNIA`
--

LOCK TABLES `SORTOWNIA` WRITE;
/*!40000 ALTER TABLE `SORTOWNIA` DISABLE KEYS */;
INSERT INTO `SORTOWNIA` VALUES (1,'CHOMIKUJ.PL','UL. POLNA 2, 06-400 CIECHANÓW','MAZOWIECKIE'),(2,'PJATK','UL. TARG DRZEWNY 9/11 1, 80-001 GDAŃSK','POMORSKIE'),(3,'CHŁOP Z MAZUR','UL. OGÓLNA 50, 82-300 ELBLĄG','WARMIŃSKO-MAZURSKIE'),(4,'SZEWCZYK DRATEWKA','UL. ZAMKOWA 3, 30-000 KRAKÓW','MAŁOPOLSKIE'),(5,'KOPALNIOK','UL. TOWAROWA 4, 40-000 KATOWICE','ŚLĄSKIE'),(6,'MAJOR','UL. SZKOLNA 17, 15-000 BIAŁYSTOK','PODLASKIE'),(7,'MŁYN','UL. KOŚCIUSZKI 41, 87-100 TORUŃ','KUJAWSKO-POMORSKIE'),(8,'BERLIN','UL. KOZIELICKA 3, 70-000 SZCZECIN','ZACHODNIO-POMORSKIE');
/*!40000 ALTER TABLE `SORTOWNIA` ENABLE KEYS */;
UNLOCK TABLES;

--
-- Table structure for table `S_U`
--

DROP TABLE IF EXISTS `S_U`;
/*!40101 SET @saved_cs_client     = @@character_set_client */;
/*!40101 SET character_set_client = utf8 */;
CREATE TABLE `S_U` (
  `ID` int(11) NOT NULL AUTO_INCREMENT,
  `LICZBA_KURIEROW` tinyint(4) DEFAULT NULL,
  `SORTOWNIA_ID` int(11) DEFAULT NULL,
  `KURIER_ID` int(11) DEFAULT NULL,
  PRIMARY KEY (`ID`),
  KEY `SORTOWNIA_ID` (`SORTOWNIA_ID`),
  KEY `KURIER_ID` (`KURIER_ID`),
  CONSTRAINT `S_U_ibfk_1` FOREIGN KEY (`SORTOWNIA_ID`) REFERENCES `SORTOWNIA` (`ID`),
  CONSTRAINT `S_U_ibfk_2` FOREIGN KEY (`KURIER_ID`) REFERENCES `KURIER` (`ID`)
) ENGINE=InnoDB AUTO_INCREMENT=15 DEFAULT CHARSET=utf8mb4;
/*!40101 SET character_set_client = @saved_cs_client */;

--
-- Dumping data for table `S_U`
--

LOCK TABLES `S_U` WRITE;
/*!40000 ALTER TABLE `S_U` DISABLE KEYS */;
INSERT INTO `S_U` VALUES (1,1,2,3),(2,1,2,4),(3,1,3,5),(4,1,3,6),(5,1,4,7),(6,1,5,8),(11,1,1,1),(12,1,6,2),(13,1,7,4),(14,1,8,5);
/*!40000 ALTER TABLE `S_U` ENABLE KEYS */;
UNLOCK TABLES;

--
-- Table structure for table `log`
--

DROP TABLE IF EXISTS `log`;
/*!40101 SET @saved_cs_client     = @@character_set_client */;
/*!40101 SET character_set_client = utf8 */;
CREATE TABLE `log` (
  `DATE_TIME` datetime DEFAULT NULL,
  `OPIS` varchar(225) DEFAULT NULL
) ENGINE=InnoDB DEFAULT CHARSET=utf8mb4;
/*!40101 SET character_set_client = @saved_cs_client */;

--
-- Dumping data for table `log`
--

LOCK TABLES `log` WRITE;
/*!40000 ALTER TABLE `log` DISABLE KEYS */;
INSERT INTO `log` VALUES ('2023-01-10 22:23:41','ZMIENIONO WIERSZ W TABELI NADAWCA IMIE Z:MARCIN NA :ASTERIX'),('2023-01-10 22:24:21','ZMIENIONO WIERSZ W TABELI NADAWCA IMIE Z:ASTERIX NA :MARCIN');
/*!40000 ALTER TABLE `log` ENABLE KEYS */;
UNLOCK TABLES;
/*!40103 SET TIME_ZONE=@OLD_TIME_ZONE */;

/*!40101 SET SQL_MODE=@OLD_SQL_MODE */;
/*!40014 SET FOREIGN_KEY_CHECKS=@OLD_FOREIGN_KEY_CHECKS */;
/*!40014 SET UNIQUE_CHECKS=@OLD_UNIQUE_CHECKS */;
/*!40101 SET CHARACTER_SET_CLIENT=@OLD_CHARACTER_SET_CLIENT */;
/*!40101 SET CHARACTER_SET_RESULTS=@OLD_CHARACTER_SET_RESULTS */;
/*!40101 SET COLLATION_CONNECTION=@OLD_COLLATION_CONNECTION */;
/*!40111 SET SQL_NOTES=@OLD_SQL_NOTES */;

-- Dump completed on 2023-01-10 22:36:54
